,almost_labels,labels,filtered_text,original_text,follower_num,is_appropriate,over_500_followers,tweet_id
14,1,0,"EXITRealty MorrisCode: ""Specialize in what you do best and delegate the rest.""","#EXITRealty #MorrisCode: ""Specialize in what you do best and delegate the rest."" #Quote #Motivation #Inspiration",9174,TRUE,TRUE,1.15853E+18
59,1,1,Surround yourself with people who are doers! - Wayne Dyer.,"Surround yourself with people who are doers! - Wayne Dyer
.
#inspiration  #motivation  #success  #manifestation  #LawOfAttraction  #grace  #gratitude  #love  #mercy  #compassion  #forgiveness  #lovingkindness https://t.co/H8rONbOboO",2233,TRUE,TRUE,1.15852E+18
61,1,1,Cherish your visions and your dreams as they are the children of your soul; the blue-prints of your utimate achievements!,"Cherish your visions and your dreams as they are the children of your soul; the blue-prints of your utimate achievements!
#NapoleonHill #ThinkandGrowRich #Goals #Vision #Wealth ##PositiveMentalAttitude #Inspiration #Motivation #Achievements https://t.co/V6kq9gh45L",9379,TRUE,TRUE,1.15841E+18
63,0,0,Because Mondays and stuff. . Happy August!,"Because Mondays and stuff.
.
Happy August!
.
#inspiration #motivation #seekbeauty #spreadsunshine #seizetheday #liveinthemoment #itsthelittlethings #writerscommunity  #writerslife #writersofig #amwriting https://t.co/0wrpMbCJw7",1551,TRUE,TRUE,1.15852E+18
106,1,1,Man who says it cannot be done should not interrupt the man doing it!,"Man who says it cannot be done should not interrupt the man doing it!
.
#inspiration #motivation https://t.co/0JjPvM9mUx",2054,TRUE,TRUE,1.15849E+18
114,1,1,Your life is worth a lot more than you think because you are capable of accomplishing more than you know!,Your life is worth a lot more than you think because you are capable of accomplishing more than you know! #inspiration #Motivation #quotes,136991,TRUE,TRUE,1.15819E+18
134,1,0,Time for get some exercise after a seriously long & productive day!,Time for get some exercise after a seriously long &amp; productive day! #growth #love #motivation #success #inspiration #life #goals #mindset #healing #leadership #growthmindset #happiness #selfcare #change #mindfulness #family #fitness #gratitude #strength  #mentalhealth #inspire,980,TRUE,TRUE,1.15851E+18
203,1,0,You need a little bit of insanity to do great things.,"You need a little bit of insanity to do great things.
.
#inspiration #motivation https://t.co/ibwiFgUsCO",2054,TRUE,TRUE,1.15837E+18
211,1,1,"What doesn't break you, only makes you stronger. - use it!","What doesn't break you, only makes you stronger - use it! #resilience #motivation #mindfulness #strength #community #happiness #success #mentalhealth #leadership #wellness #inspiration #training #wisdom #challenge #workout #growth #meditation #gratitude #trustalexanderlaw https://t.co/NLl6bkub30",1865,TRUE,TRUE,1.1585E+18
242,1,1,"The mind is the limit. As long as the mind can envision the fact that you can do something, you can do it, as long as you really believe 100 percent.","The mind is the limit. As long as the mind can envision the fact that you can do something, you can do it, as long as you really believe 100 percent.
.
#inspiration #motivation https://t.co/TjsIU8zdC4",2054,TRUE,TRUE,1.15842E+18
274,1,1,"You obsess over it enough, so don't stop until you get it.","You obsess over it enough, so don't stop until you get it. #motivation #inspiration https://t.co/601DqxTwSg",2372,TRUE,TRUE,1.15849E+18
293,1,1,Get ready! Something wonderful is coming into your life. Believe and receive.,Get ready! Something wonderful is coming into your life. Believe and receive. #inspiration #MondayMotivation #motivation #advance,162598,TRUE,TRUE,1.15831E+18
306,1,1,The greater your storm the brighter your rainbow.,"The greater your #storm the #brighter your #rainbow.

#positivethoughts #motivation #Inspiration #bestrong https://t.co/KbbAlWtlg8",1519,TRUE,TRUE,1.15848E+18
326,1,1,"Whatever is true, whatever is noble, right, pure, lovely, admirable, excellent or praiseworthy - think of such things. -Phil 4:8","Whatever is true, whatever is noble, right, pure, lovely, admirable, excellent or praiseworthy - think of such things. -Phil 4:8 #Truth #Past #Present #Future #Motivation #Inspiration #Encouragement #QuoteOfTheDay #Quote #Wisdom #success #goodness #simple #openminds. #succes…",521,TRUE,TRUE,1.15848E+18
331,1,1,"Dream your own dreams, achieve your own goals. Your journey is your own and unique!","Dream your own dreams, achieve your own goals. Your journey is your own and unique! #fitnessquotes #inspiration #motivation",136991,TRUE,TRUE,1.15848E+18
352,1,1,Don't be intimidated by what you don't know. - Sara Blakely.,"Don't be intimidated by what you don't know - Sara Blakely
.
#inspiration  #motivation  #success  #manifestation  #LawOfAttraction  #grace  #gratitude  #love  #mercy  #compassion  #forgiveness  #lovingkindness https://t.co/geKtXZmqor",2233,TRUE,TRUE,1.15848E+18
390,1,1,"""Any road can take you nowhere. Set your goals.""","""Any road can take you nowhere. Set your goals.""

#soulitaire #ToRona
#author #motivation #inspiration #motivated #inspire #inspirationalquotes #motivationalquotes #authorscommunity #writerscommunity #writingcommunity #quoteoftheday #wisdomoftheday #choices #goals #focus https://t.co/WXsgePs4zr",535,TRUE,TRUE,1.15847E+18
406,1,1,"Become self-reliant, tap into your inner resources and live a fulfilling , self-actualized life!","Become self-reliant, tap into your inner resources and live a fulfilling , self-actualized life!

#personaldevelopment #motivation #personalgrowth #success #mindset #inspiration #leadership #goals #lifecoach #entrepreneur #love #coaching #business #growth #mindfulness #happiness https://t.co/NBY5jdSvm3",6986,TRUE,TRUE,1.15847E+18
419,1,0,Quote Experience is not what happens to you; it's what you do with what happens to you. - Aldous Huxley.,#quote Experience is not what happens to you; it's what you do with what happens to you - Aldous Huxley. #inspiration #motivation,19961,TRUE,TRUE,1.15847E+18
467,1,1,Reclaim your birthright of freedom and prosperity.,"Reclaim your birthright of freedom and prosperity

 #personaldevelopment #motivation #personalgrowth #success #mindset #inspiration #leadership #goals #lifecoach #entrepreneur #love #coaching #business #growth #mindfulness #happiness #selflove #meditation #entrepreneurship https://t.co/chULMRsKHh",6986,TRUE,TRUE,1.15846E+18
477,1,1,You can have anything you want.,"You can have anything you want
.
#inspiration #motivation https://t.co/AQGDsyCoOT",2054,TRUE,TRUE,1.15844E+18
484,1,1,Know Your Worth,"Know Your Worth #quote #KnowledgeIsPower #Courage #respect #inspiration #life #honesty 
#Loyalty #staypositive #AdviceForNewTwitterUsers #truth #ootdStyle #money #price #investing #footballindex #Motivation #ThoughtForTheDay #ThinkBIGSundayWithMarsha #TeneEdwards https://t.co/LS1ejU6a5L",19759,TRUE,TRUE,1.08425E+18
486,1,1,Be a yardstick of quality. Some people aren't used to an environment where excellence is expected.,"Be a yardstick of quality. Some people aren't used to an environment where excellence is expected.
.
#inspiration #motivation https://t.co/ipTgTtwCuZ",2054,TRUE,TRUE,1.1584E+18
490,1,1,Never stop.,Never stop #active #fun #fit #fitness #instasport #gym #training #workout #excercise #somuchfun #train #justdoit #health #fitspo #healthy #workout #ripped #shredded  #power #strength #power #inspire #inspiration #motivate #motivation #hertfordshire #broxbourne https://t.co/4J0FF43BEu,4733,TRUE,TRUE,1.15846E+18
531,1,1,MondayMotivation: Learning to manage self-doubt and nurture self-confidence can open new horizons and endless possibilities.,#MondayMotivation: Learning to manage self-doubt and nurture self-confidence can open new horizons and endless possibilities. #inspiration #motivation https://t.co/hG2bNKJwqq,168131,TRUE,TRUE,1.15844E+18
535,1,1,Conquering your fears will lead you to victory.,"Conquering your fears will lead you to victory.

#ultimatesuccessfactor #motivation #lifegoals #teamgoals #squadgoals #inspiration #entrepreneur #motivated #grind #hustle #startup #lifequotes #ambition #marketing #future #success #goals https://t.co/CtdnooaBVO",511,TRUE,TRUE,1.15845E+18
617,1,1,Traveling helps to wide the outlook! Let's travel as much as possible!,"Traveling helps to wide the outlook!
Let's travel as much as possible!

#quotes #quoteoftheday #inspiration #motivation #happy #happyday #goodmorning #inspirationalquotes #love #motivational #motivationalquotes #success #life #positivity #lifequotes #like #positive #happiness https://t.co/9uWk2CuyZn",683,TRUE,TRUE,1.15844E+18
639,1,1,Surrounding yourself with the right people that will inspire you to be better.,Surrounding yourself with the right people that will inspire you to be better.  #motivationmonday #challenge #pushyourself #motivation #inspiration #believe #itisyou #youcan https://t.co/3ky4XI3HzB,591,TRUE,TRUE,1.15844E+18
657,1,0,Quote What you get from life depends upon how much you want it. - L. G. Elliott.,#quote What you get from life depends upon how much you want it - L.G. Elliott. #motivation #inspiration,21736,TRUE,TRUE,1.15844E+18
660,1,1,"Peace, joy, love, prosperity, health, happiness and all your heart's desires are yours once you are open to receive.","Peace, joy, love, prosperity, health, happiness and all your heart's desires are yours once you are open to receive

#personaldevelopment #motivation #personalgrowth #success #mindset #inspiration #leadership #goals #lifecoach #entrepreneur #love #coaching #business #growth https://t.co/SKyPcwA3qW",6986,TRUE,TRUE,1.15844E+18
723,1,1,"Your core values are deeply held beliefs that authentically describe your soul. Let people see you for who you are and get to know your unique, individual essence.","Your core values are deeply held beliefs that authentically describe your soul. Let people see you for who you are and get to know your unique, individual essence.

#movetheball #motivation #inspiration #dailyquote #motivationalspeaker   #inspirationalquotes #thegrindstartsearly",772,TRUE,TRUE,1.15843E+18
727,1,1,"Tough times never last, but tough people do. - Robert H. Schuller.","Tough times never last, but tough people do - Robert H. Schuller
.
#inspiration  #motivation  #success  #manifestation  #LawOfAttraction  #grace  #gratitude  #love  #mercy  #compassion  #forgiveness  #lovingkindness https://t.co/K3juN6i5AU",2233,TRUE,TRUE,1.15843E+18
734,0,0,Here is some inspiration to help you revive your spirits and begin your week on a positive note.,"Here is some inspiration to help you revive your spirits and begin your week on a positive note. 
#REVAUniversity #Motivation #Inspiration #Quotes # https://t.co/0QpsDJmGVg",764,TRUE,TRUE,1.15825E+18
755,1,0,Get it girl. Live life and have fun. twerk the day away.,"Get it girl. Live life and have #fun. #twerk the day away.

#hbcu #hbcuunity #TheDivahFilez #divahinspiration #divahdaily #twerking #happy #zoie #havefun #livelife #inspiration #inspire #empower #motivation https://t.co/kkOjeT9WGR",7302,TRUE,TRUE,1.15843E+18
776,1,0,Have a great Monday!,"Have a great Monday! 
#CaterinaFake #qotd #business #Monday #mondayMotivation #smallbiz #b2b #inspire  #entrepreneur #Inspiration #startup #MotivationMonday #Mondayquote #Motivate #dailygrind #motivation #quote https://t.co/sLjTa80hTt",2002,TRUE,TRUE,1.15842E+18
787,1,1,"You have one life. Don't spend it regretting, apologizing or chasing after people who don't care enough to be caught. Believe in who you are. Be brave and make yourself proud.","You have one life. Don't spend it regretting, apologizing or chasing after people who don't care enough to be caught. Believe in who you are. Be brave and make yourself proud.

#motivation #success #goals #money #inspiration https://t.co/zZSefaikMz",570,TRUE,TRUE,1.15842E+18
861,1,0,Reposted from forbes - Always get back up. -,"Reposted from forbes  -  Always get back up.  - #regrann  

#motivation #instaquote 
#inspiration #inspiring https://t.co/x7kQLdr4cG",1397,TRUE,TRUE,1.15842E+18
867,1,1,"Your MotivationMonday challenge is to go with the flow. When you adapt, you become comfortable in any environment.","Your #MotivationMonday challenge is to go with the #flow. When you #adapt, you become comfortable in any #environment.

#success #motivation #Monday #inspiration #goal #bookkeeping https://t.co/fA2YRgPaMG",17558,TRUE,TRUE,1.15841E+18
878,1,1,"If you want to increase you income and/or fulfillment, ask yourself how you can be of more value to people.","If you want to increase you income and/or fulfillment, ask yourself how you can be of more value to people. 
#philosophy #motivation #inspiration",4047,TRUE,TRUE,1.01451E+18
883,1,1,You gotta stop wearing your wishbone where your backbone ought to be.,"You gotta stop wearing your wishbone where your backbone ought to be.
.
#inspiration #motivation https://t.co/exYoOvbd3e",2054,TRUE,TRUE,1.1582E+18
1048,0,0,"Have a very Brady week, team!","Have a very Brady week, team! 

#mondaymotivation #mondaymorning #monday #mondayfeels  #motivation #inspiration #motivationmonday #thebradybunch https://t.co/A3Duwih5g0",672,TRUE,TRUE,1.1584E+18
1054,1,0,"MondayMotivations. Today, go the extra mile and see how much more you accomplish!","#MondayMotivations 
Today, go the extra mile and see how much more you accomplish!
#dreams #mondaymotivation #monday #motivation #chase #startoftheweek #inspiration #quotes #bebetter #getup #rise #choices #impacts #workhard #paysoff #action #starttoday   #learn #extramile #Work https://t.co/X8QUj744EL",1677,TRUE,TRUE,1.1584E+18
1083,1,1,You are stronger than you know. Keep going!,You are stronger than you know. Keep going! #Inspiration #Motivation #Life #Divorce #DivorceSupport #DivorceAdvice #DivorceMediation #Mediation #LosAngeles https://t.co/ei5Rykd0mt,5017,TRUE,TRUE,1.1584E+18
1130,1,1,"""Although the world is full of suffering, it is full also of the overcoming of it."" - Helen Keller.","""Although the world is full of suffering, it is full also of the overcoming of it."" - Helen Keller

#mondaymotivation #motivation #inspiration #quote https://t.co/8XMTfaMLdZ",2192,TRUE,TRUE,1.15839E+18
1145,1,1,Shine your light!,Shine your light! #inspiration #Motivation #quotes https://t.co/s8fkANlrRZ,136991,TRUE,TRUE,1.15839E+18
1158,1,1,The best way to predict your future is to create it.,The best way to predict your future is to create it.  #motivation #inspiration https://t.co/iYBFE9lzRm,2126,TRUE,TRUE,1.15839E+18
1166,1,0,Quote Your daily life is your temple and your religion. - Kahlil Gibran.,#quote Your daily life is your temple and your religion - Kahlil Gibran. #inspiration #motivation,21736,TRUE,TRUE,1.15839E+18
1184,0,0,DAILY GRACE.,"DAILY GRACE
#motivation #inspiration #MondayMorning #MondayMotivaton #mondaythoughts 
https://t.co/OGOOSG4laS",4994,TRUE,TRUE,1.15839E+18
1192,1,1,Keep your eyes on the prize.,Keep your eyes on the prize.  #motivationmonday  #inspiration  #motivation #intention #oprah https://t.co/ynAegpRkXZ,702,TRUE,TRUE,1.15839E+18
1195,1,1,"The No. 1 reason people fail in life is because they listen to their friends, family, and neighbors. Napoleon Hill.","The No. 1 reason people fail in life is because they listen to their friends, family, and neighbors. Napoleon Hill
#inspiration #motivation #QOTD #inspo https://t.co/roIH4NEFxa",68820,TRUE,TRUE,1.08957E+18
1209,1,1,Focus on the Positive,Focus on the Positive#Truth #Past #Present #Future #Motivation #Inspiration #Encouragement #QuoteOfTheDay #Quote #Wisdom #success #goodness #simple #openminds. #success #life #work #future #money #learning #teamwork #opportunity #service #respect #mindfulness #nature #purpos…,521,TRUE,TRUE,1.15839E+18
1216,1,1,Successful people come in all shapes and sizes but they have one thing in common. They expect more good out of life than bad. They expect to succeed more than they fail!,Successful people come in all shapes and sizes but they have one thing in common. They expect more good out of life than bad. They expect to succeed more than they fail! #motivation #fitness #gym #love #workout #inspiration #fit #lifestyle #success #entrepreneur #bodybuilding,2363,TRUE,TRUE,1.15839E+18
1219,1,1,"One night the Lord spoke to Paul in a vision: ""Do not be afraid; keep on speaking, do not be silent."" -Acts 18:9","One night the Lord spoke to Paul in a vision: ""Do not be afraid; keep on speaking, do not be silent."" -Acts 18:9 #Truth #Past #Present #Future #Motivation #Inspiration #Encouragement #QuoteOfTheDay #Quote #Wisdom #success #goodness #simple #openminds. #success #life #work #f…",521,TRUE,TRUE,1.15839E+18
1220,1,1,"Before a person can have the success they want. They must think, talk, act like the person who will have that success!","Before a person can have the success they want. They must think, talk, act like the person who will have that success! #motivation #fitness #gym #love #workout #inspiration #fit #lifestyle #success #entrepreneur #bodybuilding #instagood #training #life #business #fitfam #health",2363,TRUE,TRUE,1.15839E+18
1227,1,1,Life is boring to boring people! Life is interesting to interesting people! Life is successful to successful people.,life is boring to boring people! Life is interesting to interesting people! Life is successful to successful  people. #motivation #fitness #gym #love #workout #inspiration #fit #lifestyle #success #entrepreneur #bodybuilding #instagood #training #life #business #fitfam #health,2363,TRUE,TRUE,1.15839E+18
1228,1,1,Be yourself; everyone else is already taken. - Oscar Wilde.,"Be yourself; everyone else is already taken - Oscar Wilde
.
#inspiration  #motivation  #success  #manifestation  #LawOfAttraction  #grace  #gratitude  #love  #mercy  #compassion  #forgiveness  #lovingkindness https://t.co/1ldPlt3rG4",2233,TRUE,TRUE,1.15839E+18
1233,1,0,"Money wants you, happiness wants you, success wants you, everything already exist.. u just have to tune yourself with it.","Money wants you, happiness wants you, success wants you, everything already exist..u just have to tune yourself with it. #motivation #fitness #gym #love #workout #inspiration #fit #lifestyle #success #entrepreneur #bodybuilding #instagood #training #life #business #fitfam #health",2363,TRUE,TRUE,1.15839E+18
1253,1,1,Prosperity is total well being!!!!!!!,Prosperity is total well being!!!!!!! #motivation #fitness #gym #love #workout #inspiration #fit #lifestyle #success #entrepreneur #bodybuilding #instagood #training #life #business #fitfam #health #goals #hustle #fitnessmotivation #money,2363,TRUE,TRUE,1.15838E+18
1258,0,0,"The Jewel Of The Day "" Worthy "".","The Jewel Of The Day "" Worthy "".
#chosan#thejeweloftheday#alltime
# #love #motivation #happy #life #inspiration #quotes #positivevibes #happiness #fitness #success #instagood #art #like #smile #quoteoftheday #photooftheday #follow #beautiful #positivity #motivationalquotes https://t.co/nhE7PM74lm",534,TRUE,TRUE,1.15838E+18
1271,1,1,Look for positive things in life and you will find them.,Look for positive things in life and you will find them. #mondaymotivation #wolverhampton #motivation #inspiration https://t.co/QZemHzG1Ws,1585,TRUE,TRUE,1.15838E+18
1280,1,1,Don't be a viewer.. be a DOER!!,Don't be a viewer..be a DOER!! #motivation #fitness #gym #love #workout #inspiration #fit #lifestyle #success #entrepreneur #bodybuilding #instagood #training #life #business #fitfam #health #goals #hustle #fitnessmotivation #money,2363,TRUE,TRUE,1.15838E+18
1305,1,1,Never give in - except to convictions of honor and good sense. - Winston Churchill.,"Never give in - except to convictions of honor and good sense. 
- Winston Churchill

#Tips #Motivation #Inspiration https://t.co/IQamsXDcKn",1268,TRUE,TRUE,9.92796E+17
1354,1,1,Monday Motivation: tell us in the comments how you stay motivated throughout the week.,"Monday Motivation: tell us in the comments how you stay motivated throughout the week

#mondaymotivation #motivation #mindset #positivity #inspiration https://t.co/5QMBnxhH5M",501,TRUE,TRUE,1.15838E+18
1357,1,1,"Because of they're truly your real friends, they'll do it without you saying a word.","Because of they're truly your real friends, they'll do it without you saying a word. 
.
.
#life #success #lifequotes #hustle #quotestoliveby #mindset #inspire #motivation  #quotes #goals #quoteoftheday #inspirationalquotes #motivationalquotes #inspiration #entrepreneur #lifestyle https://t.co/1h2VJ7CKxO",962,TRUE,TRUE,1.15838E+18
1414,1,1,Embrace Monday!,Embrace Monday! #MotivationMondays #Quotes #Inspiration  #Motivation #Growth #ComfortZones https://t.co/6KbutBO9Ug,1068,TRUE,TRUE,1.15836E+18
1439,1,1,Ideas shape the course of history.,Ideas shape the course of history. #travel #motivation #inspiration #happiness #relax #goodtimes https://t.co/i9FvwL67HN,11034,TRUE,TRUE,1.15837E+18
1462,1,1,Limits like fears are often just and illusion. -Michael Jordan,Limits like fears are often just and illusion. -Michael Jordan #Truth #Past #Present #Future #Motivation #Inspiration #Encouragement #QuoteOfTheDay #Quote #Wisdom #success #goodness #simple #openminds. #success #life #work #future #money #learning #teamwork #opportunity #ser…,521,TRUE,TRUE,1.15837E+18
1468,1,1,Change Your Thoughts and. You Change Your World. - Norman Vincent Peale.,"Change Your Thoughts and 
You Change Your World.
- Norman Vincent Peale

#entrepreneur #business #smallbusiness #maine #social #referrals #relationshipbuilding #dosomething #entrepreneurs #entrepreneurship #connect #motivation #inspiration #relationships…https://t.co/0nE9xFSMfs",1641,TRUE,TRUE,1.15837E+18
1486,1,1,Always choose right words to start your day with.,"Always choose right words to start your day with.
#healthyline #happymonday #quotes #nyc #newyork #wellness #motivation #inspiration https://t.co/AJsuftgfjq",631,TRUE,TRUE,1.15837E+18
1508,0,0,QuoteoftheDay from Unknown Author,#QuoteoftheDay from Unknown Author #DailyQuote #Motivation #Inspiration #Quote #fitness #TodaysMotivation #MotivationMonday https://t.co/FaAacmi7qE,543,TRUE,TRUE,1.15837E+18
1516,1,1,"""Do not wait to strike till the iron is hot; but make it hot by striking."" -William Butler Yeats.","""Do not wait to strike till the iron is hot; but make it hot by striking.""
 -William Butler Yeats. 

#mondaymotivation #motivation #inspiration https://t.co/NlQsTkCo8Z",1327,TRUE,TRUE,1.15837E+18
1518,1,1,Start looking for progress.,"Start looking for progress.
.
.
.
#quotes #quotestoliveby #tomorrow #build #inspiration #motivation #startupjalsa https://t.co/62ra1Gg9a3",1358,TRUE,TRUE,1.15836E+18
1543,1,1,"Change your life today. Don't gamble on the future, act now, without delay. Simone de Beauvoir","Change your life today. Don't gamble on the future, act now, without delay. Simone de Beauvoir  #motivation #inspiration",6724,TRUE,TRUE,1.15836E+18
1596,1,1,"Wholeness is the goal, but wholeness does not mean perfection. It means embracing brokenness as an integral part of life. ~ Parker J. Palmer.","Wholeness is the goal, but wholeness does not mean perfection. It means embracing brokenness as an integral part of life.  ~ Parker J. Palmer
#Aimmanagementconsultants
#freeconsultation #jobsaimmanagementconsultants
#Teamuniter
#Motivation
#inspiration…https://t.co/6RJQSae1cq",2092,TRUE,TRUE,1.15836E+18
1662,1,1,An excuse becomes an obstacle in your journey to success when it is made in place of your best effort or when it is used as the object of the blame.,"An excuse becomes an obstacle in your journey to success when it is made in place of your best effort or when it is used as the object of the blame. .
.
.
.
.
#fitness #inspirationalquotes #loveyourself #lifestyle #life #motivation #selfcare #happiness #growth #inspiration #mind https://t.co/aCQBqERy2O",850,TRUE,TRUE,1.15835E+18
1686,0,0,All looking like a pretty amazing day !,All looking like a pretty amazing day ! #learning #inspiration #Motivation #collaboration https://t.co/bBVixO4uTT,2757,TRUE,TRUE,1.15829E+18
1702,0,0,Monday Motivation!,Monday Motivation! #monday #motivation #inspiration #passion #dreambig #goals #success #atlanticgroup #atlanticrecruiters #nyc #ct #pa #boston #li #nj #bestplacestowork #dowhatyoulove #careers #positivity #productivity #teamwork #communication #freshstart #newgoals #newweek https://t.co/zYE0PxXbrG,1322,TRUE,TRUE,1.15835E+18
1713,1,1,The words you speak becomes the house you live in.,The words you speak becomes the house you live in. #ChooseWisely #mondaymorning #mondaymotivation #mondaymood #mondayvibes #monday #motivation #quotes #quote #inspiration #inspirationalquotes #inspirational https://t.co/xAT51pZapA,619,TRUE,TRUE,1.15835E+18
1776,1,1,"Nobody who ever gave his best, regretted it. - George Halas.","Nobody who ever gave his best, regretted it - George Halas
.
#inspiration  #motivation  #success  #manifestation  #LawOfAttraction  #grace  #gratitude  #love  #mercy  #compassion  #forgiveness  #lovingkindness https://t.co/LC1SVuEpR9",2233,TRUE,TRUE,1.15834E+18
1831,1,1,Be refined.,Be refined. #QOTD #health #fitness #exercise #motivation #inspiration #workout #gym #quotes #lifestyle #goals #athlete #routinesnotresolutions https://t.co/y3U5MTNFOe,1398,TRUE,TRUE,1.15834E+18
1859,0,0,"Running your first challenge, do your research before you start. Learn more about it here challenge,","Running your first challenge, do your research before you start. Learn more about it here #challenge, #motivation, #inspiration, #success, #businessGrowthhttps://bit.ly/2LJ4viS",1007,TRUE,TRUE,1.15833E+18
1874,1,1,Not every listening ear has your best interest at heart. Be careful who you vent to!,Not every listening ear has your best interest at heart. Be careful who you vent to!#MondayMoment #Speaker #Inspiration #Motivation #Education https://t.co/RlDGvJkVjz,1474,TRUE,TRUE,1.15833E+18
1919,1,1,Stop labeling people just because they're not like you.,Stop labeling people just because they're not like you.#Truth #Past #Present #Future #Motivation #Inspiration #Encouragement #QuoteOfTheDay #Quote #Wisdom #success #goodness #simple #openminds. #success #life #work #future #money #learning #teamwork #opportunity #service #re…,521,TRUE,TRUE,1.15832E+18
1942,1,1,You can't discover new oceans unless you have the courage to leave the shore.,You can't discover new oceans unless you have the courage to leave the shore. #motivation #inspiration https://t.co/IT17iWYWfu,1405,TRUE,TRUE,1.15832E+18
1947,1,1,"""Don't mistake activity with achievement."" - John Wooden.","""Don't mistake activity with achievement."" - John Wooden
#Productivity #Success #Inspiration #Motivation https://t.co/Oj5oLtuZyv",6226,TRUE,TRUE,1.15832E+18
1952,1,1,A champion shows who he is by what he does. - Evander Holyfield.,"A champion shows who he is by what he does - Evander Holyfield
.
#inspiration  #motivation  #success  #manifestation  #LawOfAttraction  #grace  #gratitude  #love  #mercy  #compassion  #forgiveness  #lovingkindness https://t.co/ZQYtWJJSUx",2233,TRUE,TRUE,1.15829E+18
1954,1,1,No one ever got rich with a poor attitude |,No one ever got rich with a poor attitude | #inspire #motivation #inspiration #coach https://t.co/c210nfUinC,19494,TRUE,TRUE,1.15832E+18
1957,0,0,Great morning motivation.,"Great morning motivation. 

#motivation #entrepreneur #power #knowledgeispower #mentalmedicine #videooftheday #inspiration #coach #mindset #vonzettab #goodmorning #building #mindset https://t.co/xDzRONBHUx",816,TRUE,TRUE,1.15832E+18
1972,1,1,"If at first you don't succeed, try, try, try, try, try again. -Michael Chang","If at first you don't succeed, try, try, try, try, try again. -Michael Chang #Truth #Past #Present #Future #Motivation #Inspiration #Encouragement #QuoteOfTheDay #Quote #Wisdom #success #goodness #simple #openminds. #success #life #work #future #money #learning #teamwork #op…",521,TRUE,TRUE,1.15832E+18
2057,1,1,"You have been told to never quit but that is because people love simple answers, the truth of the matter is that simple answers do not always work and sometimes quitting and moving on to something else is actually the smartest thing to do!","You have been told to never quit but that is because people love simple answers, the truth of the matter is that simple answers do not always work and sometimes quitting and moving on to something else is actually the smartest thing to do! 
#success #motivation #inspiration",540,TRUE,TRUE,1.1583E+18
2065,0,0,Happy Monday Superstars.,"Happy Monday Superstars 
#inspiration #motivation #makemoney #makemoneyonline #entrepreneur https://t.co/TapnUh12qJ",1292,TRUE,TRUE,1.1583E+18
2080,0,0,Happy,"Happy #Monday!

#mondaythoughts #mondaymorning #MondayMotivation #MondayMood #success #inspiration #inspire #motivation #motivational #MotivationMonday #MotivationalQuotes https://t.co/3CZNjpg2uw",2238,TRUE,TRUE,1.1583E+18
2123,1,1,"There's always somebody saying you can't do it, and those people have to be ignored. -Bill Cartwright","There's always somebody saying you can't do it, and those people have to be ignored. -Bill Cartwright #Truth #Past #Present #Future #Motivation #Inspiration #Encouragement #QuoteOfTheDay #Quote #Wisdom #success #goodness #simple #openminds. #success #life #work #future #mone…",521,TRUE,TRUE,1.15829E+18
2152,1,1,Successful entrepreneurs are givers and not takers of positive energy.,Successful entrepreneurs are givers and not takers of positive energy. #attitude #boss #bosslady #courage #entrepreneur #girlpower #guts #inspiration #leadership #millenial #motivation #power #powerofthoughts #slay #smileandslay #win #winningwomen #fliprunway,552,TRUE,TRUE,1.15825E+18
2179,1,1,"A friend loves at all times, & a brother is born for adversity. - Prov 17:17","A friend loves at all times, &amp; a brother is born for adversity. - Prov 17:17#Truth #Past #Present #Future #Motivation #Inspiration #Encouragement #QuoteOfTheDay #Quote #Wisdom #success #goodness #simple #openminds. #success #life #work #future #money #learning #teamwork #opp…",521,TRUE,TRUE,1.15829E+18
2190,1,1,Family is everything.,Family is everything. #Truth #Past #Present #Future #Motivation #Inspiration #Encouragement #QuoteOfTheDay #Quote #Wisdom #success #goodness #simple #openminds. #success #life #work #future #money #learning #teamwork #opportunity #service #respect #mindfulness #nature #purpo…,521,TRUE,TRUE,1.15829E+18
2198,1,1,Imagine with all your mind. Believe with all your heart. Achieve with all your might. ~,Imagine with all your mind. Believe with all your heart. Achieve with all your might. ~ #Inspiration #Motivation https://t.co/xyGK9YJiYd,32172,TRUE,TRUE,1.15828E+18
2201,1,1,Time for some risk taking.,"Time for some risk taking.
#MotivationMonday #qotd #quote #inspiration #motivation https://t.co/QIgo1bdEZT",14801,TRUE,TRUE,1.15829E+18
2245,1,1,Believing in yourself is the first step.,"Believing in yourself is the first step #MondayMotivation 

#MotivationMonday #Motivation #MotivationalQuotes #Inspiration #InspirationalQuotes #Inspiring #InspiringQuotes #LifeQuotes https://t.co/YEohrNXwAZ",1401,TRUE,TRUE,1.15828E+18
2293,1,1,"You've got one job, and that is to get better. -Derrick Rose","You've got one job, and that is to get better. -Derrick Rose #Truth #Past #Present #Future #Motivation #Inspiration #Encouragement #QuoteOfTheDay #Quote #Wisdom #success #goodness #simple #openminds. #success #life #work #future #money #learning #teamwork #opportunity #servi…",521,TRUE,TRUE,1.15828E+18
2299,1,1,"To be able to look back upon ones life in satisfaction, is to live twice.","To be able to look back upon ones life in satisfaction, is to live twice.
.
#inspiration #motivation https://t.co/2Ux5G8PJDx",2054,TRUE,TRUE,1.15827E+18
2311,1,1,"""A great artist is always before his time or behind it."" - George Edward Moore.","""A great artist is always before his time or behind it."" - George Edward Moore. #Art #Quote #style #life #history #inspiration #motivation #time #quotes #Artist",1528,TRUE,TRUE,1.15827E+18
2320,1,1,Nobody is going to get your successes for you. The buck stops with you. So make a decision to step up and rely on yourself. Others may support you. But success is yours to find and yours only.,"Nobody is going to get your successes for you.

The buck stops with you.

So make a decision to step up and rely on yourself.  Others may support you.

But success is yours to find and yours only.

#motivation #inspiration #dailyinspo #dailyinspiration #business #career https://t.co/5LGeBNBDGI",12787,TRUE,TRUE,1.15827E+18
2391,0,0,Your weekly motivation! Inspirational quote by Pablo Neruda was a Nobel Prize winning Chilean poet-diplomat and politician.,"Your weekly motivation!
Inspirational quote by Pablo Neruda was a Nobel Prize winning Chilean poet-diplomat and politician. 

#HomesofDistinction #WeeklyInspiration #Inspiration #Motivation #InspirationalQuote #MotivationalQuote #PabloNeruda https://t.co/wpB94IqRyO",633,TRUE,TRUE,1.15826E+18
2410,1,1,"Fitness makeovers are about commitment, planning and stubbornly executing whilst allowing for some flexibility to adapt to constantly changing circumstances.","#Fitness makeovers are about #commitment, #planning and stubbornly executing whilst allowing for some #flexibility to adapt to constantly changing circumstances.  

#SMARTFitMO #motivation #inspiration https://t.co/rH3HjQIRV4",1604,TRUE,TRUE,9.88474E+17
2435,1,1,"In life, be a participant, not a spectator. - Lou Holtz.","In life, be a participant, not a spectator - Lou Holtz
.
#inspiration  #motivation  #success  #manifestation  #LawOfAttraction  #grace  #gratitude  #love  #mercy  #compassion  #forgiveness  #lovingkindness https://t.co/dbNuGV0iKI",2233,TRUE,TRUE,1.15825E+18
2456,0,0,Content Marketing is showing the world you are one.,Content Marketing is showing the world you are one #TejSolPro  #MondayMotivation #Google #inspirationalquotes #Marketing #motivationalquotes #inspiration #motivation #quotes #quoteoftheday #quote #quotestoliveby #lifequotes #success #positivevibeses #wordsofwisdom https://t.co/4NvKdWzHVu,3091,TRUE,TRUE,1.15826E+18
2499,0,0,IKEA is now selling and leasing refurbished furniture | World Economic Forum.,"IKEA is now selling and leasing refurbished furniture | World Economic Forum. #teaching #research #Business #happiness #strength #success #wisdom #inspiration #motivation #influencer #leadership 
#love #bookaholic #bookworm 
#LinkedInTopVoices  https://t.co/Vfd2pXB3Hc",956,TRUE,TRUE,1.15825E+18
2595,1,1,No day but today. - Rent,No day but today - Rent #quote #motivation #inspiration,3277,TRUE,TRUE,1.15824E+18
2610,1,1,"A bird sitting on a tree is never afraid of the branch breaking, because her trust is not on the branch but on it's own wings. Always believe in yourself.","A bird sitting on a tree is never afraid of the branch breaking, because her trust is not on the branch but on it's own wings. Always believe in yourself.
#MondayMotivation #LiveInThePresent #Positivity #PositiveThinking #Simplicity #Inspiration #Motivation #Quotes #LearnGerman https://t.co/x3m1rlrjaY",606,TRUE,TRUE,1.15824E+18
2699,1,1,"Life is a game, play it.","Life is a game, play it.
.
#inspiration #motivation https://t.co/6m21jvYJEI",2054,TRUE,TRUE,1.15823E+18
2705,1,1,There are some things one can only achieve by a deliberate leap in the opposite direction. Franz Kafka,There are some things one can only achieve by a deliberate leap in the opposite direction. Franz Kafka #inspirational #motivational #quoteoftheday #walkthetalk #inspiration #motivation #picturequote #lifequotes #quote https://t.co/BkCYHIxOtI,4927,TRUE,TRUE,1.15823E+18
2831,1,0,"Meditation relaxation inspiration motivation SundayMotivation stressfree stressrelief writer amwriting writingcommunity photography pixabay. If you're feeling a little blue today, try to imagine that you're at the beach during.","#meditation #relaxation #inspiration #motivation #SundayMotivation #stressfree #stressrelief #writer #amwriting #writingcommunity #photography #pixabay

If you're feeling a little blue today, try to #imagine that you're at the #beach during #sunset https://t.co/yCdBkYgFJX",2075,TRUE,TRUE,1.15821E+18
2858,1,1,The power of imagination makes us infinite. - John Muir.,"The power of imagination makes us infinite - John Muir
.
#inspiration  #motivation  #success  #manifestation  #LawOfAttraction  #grace  #gratitude  #love  #mercy  #compassion  #forgiveness  #lovingkindness https://t.co/nx6lGntVqq",2233,TRUE,TRUE,1.1582E+18
2864,1,1,"Don't ever doubt that life is a highway to the danger zone. However, your creativity allows you to bypass some dangers and live a happy life. Sometimes a little danger spices things up.","Don't ever doubt that life is a highway to the danger zone. However, your creativity allows you to bypass some dangers and live a happy life. Sometimes a little danger spices things up. #life #people #danger #inspiration #motivation https://t.co/uOrG985uis",37374,TRUE,TRUE,1.1582E+18
2879,1,1,Who you are speaks so loudly; there really is no reason for your words.,Who you are speaks so loudly; there really is no reason for your words. #Truth #Past #Present #Future #Motivation #Inspiration #Encouragement #QuoteOfTheDay #Quote #Wisdom #success #goodness #simple #openminds. #success #life #work #future #money #learning #teamwork #opportu…,521,TRUE,TRUE,1.1582E+18
2900,1,1,Get inspired! Make a list of activities you love to do. Then complete one of the activities.,Get inspired! Make a list of activities you love to do. Then complete one of the activities. #motivation #inspiration https://t.co/W5tko93HDg,10910,TRUE,TRUE,1.15817E+18
2947,1,1,Life without risks is not worth living.,#Life without risks is not worth #living. #travel #motivation #inspiration #happiness #relax #goodtimes https://t.co/e73ZUuT7rq,11034,TRUE,TRUE,1.15819E+18
2973,1,0,"When doubts start to creep in, take a moment to pray.","When doubts start to creep in, take a moment to pray.#Truth #Past #Present #Future #Motivation #Inspiration #Encouragement #QuoteOfTheDay #Quote #Wisdom #success #goodness #simple #openminds. #success #life #work #future #money #learning #teamwork #opportunity #service #resp…",521,TRUE,TRUE,1.15819E+18
2992,0,0,"Tara's favorite quotes, motivation & wisdom 109","Tara's favorite quotes, motivation &amp; wisdom 109 #TarasFavorites #momof5 operationhotmom #motivation #inspiration #homebiz #workfromhome #momsover40 #momlife #healthjourney #workfromhomemom https://t.co/nGUqusGJGI",2554,TRUE,TRUE,1.15818E+18
3001,1,1,"A person needs a little madness, or else they never dare cut the rope and be free.","A person needs a little madness, or else they never dare cut the rope and be free.
.
#inspiration #motivation https://t.co/xtMTFGZx05",2054,TRUE,TRUE,1.15818E+18
3116,1,0,Quote Good habits are as easy to form as bad ones. - Tim McCarver.,"#quote Good habits are as easy to form as bad ones - Tim McCarver. #inspiration #motivation
☆.¸♪♫¸.♥",19961,TRUE,TRUE,1.15817E+18
3171,1,1,Good is not enough. You've got to be great. - Simon Cowell.,"Good is not enough. You've got to be great - Simon Cowell
.
#inspiration  #motivation  #success  #manifestation  #LawOfAttraction  #grace  #gratitude  #love  #mercy  #compassion  #forgiveness  #lovingkindness https://t.co/xlGhy4IICI",2233,TRUE,TRUE,1.15816E+18
3261,1,1,"Life's challenges are not supposed to paraplyze you, they're supposed to help you discover who you are. - Bernice Johnson Reagon.","Life's challenges are not supposed to paraplyze you, they're supposed to help you discover who you are - Bernice Johnson Reagon

#inspiration #quote #motivation #sundaythoughts #motivational #mondaymotivation #inspirational #quotes
#ThinkBIGSundayWithMarsha https://t.co/Thx9YiUreU",1055,TRUE,TRUE,1.15815E+18
3277,1,1,You are successful the moment you start moving toward a worthwhile goal.,You are successful the moment you start moving toward a worthwhile goal. #Truth #Past #Present #Future #Motivation #Inspiration #Encouragement #QuoteOfTheDay #Quote #Wisdom #success #goodness #simple #openminds. #success #life #work #future #money #learning #teamwork #opport…,521,TRUE,TRUE,1.15815E+18
3280,0,0,Every day.,"Every day
#everyday #rentisdue #workout #weights #fitnessmotivation #lift #lifting #weightlifting #training #paytherent #due #fitspiration #fitspo #fitfam #fitnesslifestyle #powerblock #powerblocks #fitlife #inspiration #motivation https://t.co/AyhTB2Q1vx",1913,TRUE,TRUE,1.15814E+18
3342,1,0,Quote What you get from life depends upon how much you want it. - L. G. Elliott.,#quote What you get from life depends upon how much you want it - L.G. Elliott.  #inspiration #motivation,19961,TRUE,TRUE,1.15814E+18
3359,0,0,Very interesting.,"Very interesting.
#speakingwords #wordsofwisdom #lifequotes #happiness #thoughts #inspirational #speakup #speech #unexpectedvoices #wordsofwisdom #motivation #inspiration https://t.co/0gGv1lv7UA",1305,TRUE,TRUE,1.15813E+18
3367,1,1,Man never made any material as resilient as the human spirit.,"Man never made any material as resilient as the human spirit.
.
#inspiration #motivation https://t.co/hXMsXKAjjG",2054,TRUE,TRUE,1.15813E+18
3377,1,1,Adversity causes some men to break; others to break records. -William Arthur Ward,Adversity causes some men to break; others to break records. -William Arthur Ward #Truth #Past #Present #Future #Motivation #Inspiration #Encouragement #QuoteOfTheDay #Quote #Wisdom #success #goodness #simple #openminds. #success #life #work #future #money #learning #teamwor…,521,TRUE,TRUE,1.15813E+18
3459,1,1,Life is a field of unlimited possibilities. - Deepak Chopra.,"Life is a field of unlimited possibilities - Deepak Chopra
.
#inspiration  #motivation  #success  #manifestation  #LawOfAttraction  #grace  #gratitude  #love  #mercy  #compassion  #forgiveness  #lovingkindness https://t.co/uwxYspfBmp",2233,TRUE,TRUE,1.15811E+18
14616,1,0,Themaskedphilosopher. Actions will always speak louder than words.,"themaskedphilosopher
Actions will always speak louder than words.
#epictetus 
#growthmindset #growth #mindset #motivation #success #entrepreneur #selflove #inspiration #personalgrowth #personaldevelopment #mindfulness #stoicism https://t.co/ImFrl4CPhe",3590,TRUE,TRUE,1.15658E+18