almost_labels,labels,filtered_text,original_text,follower_num,is_appropriate,over_500_followers,tweet_id
1,1,"""Success is that old ABC: Ability, breaks and courage "". Charles Luckman.","""Success is that old ABC: Ability, breaks and courage "". Charles Luckman. 

#meditation #mindfulness #mindflow #mindflowdaily #SundayMorning #motivation #positivity #inspiration #calm #quote #dailyquote #SundayMotivation #SundayThoughts https://t.co/rTTaWIFbMM",,TRUE,TRUE,1.16E+18
1,1,"Remember, anything is possible!","Remember, anything is possible!
.
#staymotivated #motivation #inspiration #mindset #motivationalqoute #inspire #inspiration #neurophysio #rehab #physiotherapy  #spinalcordinjury #rehabilitation #strokerecovery #strokerehab #parkinsonswarrior #cerebralpalsy #cpwarrior #mswarrior https://t.co/VQ9jsZVw1d",,TRUE,TRUE,1.16E+18
1,1,"If it does not bring you joy, it may be time to direct your energy and resources elsewhere.","If it does not bring you joy, 

it may be time to direct your energy and resources elsewhere.

#SundayMotivation #life #entrepreneur #MondayMotivation #quote #ThinkBIGSundayWithMarsha #inspiration #motivation https://t.co/ED2y7WFhpO",,TRUE,TRUE,1.16E+18
1,1,Your past DOES NOT determine your future!,"Your past DOES NOT determine your future!

#SundayMotivation #MondayMotivation #CrowdSuccess #ThinkBIGSundayWithMarsha #motivation #inspiration #quote https://t.co/OOM3YNd7Vd",,TRUE,TRUE,1.16E+18
1,1,"If you think a small investment is too much to boost your career, imagine waiting a whole year for a 50 cent raise.","If you think a small investment is too much to boost your career, imagine waiting a whole year for a 50 cent raise. #success #motivation #inspiration #investinyourself #TheMillionaireRecruiter https://t.co/jNviBSV1Lf",,TRUE,TRUE,1.16E+18
1,1,Motivation and habit is the perfect combination in having success.,"Motivation and habit is the perfect combination in having success.

#ultimatesuccessfactor #motivation #lifegoals #teamgoals #squadgoals #inspiration #entrepreneur #motivated #grind #hustle #startup #lifequotes #ambition #marketing #future #success #goals https://t.co/BhqC1piVBR",,TRUE,TRUE,1.16E+18
1,1,Honesty is the first chapter in the book of wisdom.,"Honesty is the first chapter in the book of wisdom.
.
#inspiration #motivation https://t.co/Bj82my2BD3",,TRUE,TRUE,1.16E+18
1,1,"To know oneself, one should assert oneself. - Albert Camus.","To know oneself, one should assert oneself - Albert Camus
.
#inspiration  #motivation  #success  #manifestation  #LawOfAttraction  #grace  #gratitude  #love  #mercy  #compassion  #forgiveness  #lovingkindness https://t.co/3T5nEOxSYE",,TRUE,TRUE,1.16E+18
1,1,"Pick battles big enough to matter, small enough to win.","Pick battles big enough to matter, small enough to win.
.
#inspiration #motivation https://t.co/NfgdzTnuIr",,TRUE,TRUE,1.16E+18
1,1,Many times people choose to do what is easy instead of what is right.,Many times people choose to do what is easy instead of what is right. #inspiration #motivation #leadershipcoaching #LeadershipMatters #LeadershipDevelopment #leadership #TuesdayThoughts #SPN #WinWin #projecthelpyougrow Digital360Chat https://t.co/HzzsW5fJ8s,,TRUE,TRUE,1.16E+18
1,1,"Always find a reason to laugh. It may not add years to your life, but it will surely add life to your years.","Always find a reason to laugh. It may not add years to your life, but it will surely add life to your years. 
#Inspiration #Motivation #HappyEntrepreneur https://t.co/H1oh1gKh02",,TRUE,TRUE,1.16E+18
1,1,Don't wait for the perfect moment. Take the moment and make it perfect!,Don't wait for the perfect moment. Take the moment and make it perfect! #motivation #inspiration #WhyNotMe #ThinkBigSundayWithMarsha https://t.co/zRWrJcudAT,,TRUE,TRUE,1.16E+18
1,0,"Time for Health Week, health success sales business time leadership healthweek marketing inspiration training motivation networking entrepreneur coaching teamwork employeeengagement entrepreneurship smallbusiness. Best wishes.","Time for Health Week

#health #success #sales #business #time #leadership #healthweek #marketing #inspiration #training #motivation #networking #entrepreneur #coaching #teamwork #employeeengagement #entrepreneurship #smallbusiness 

Best wishes
Bradley…https://t.co/z55uaptqQT",,TRUE,TRUE,1.16E+18
1,1,Tension is who you think you should be. Relaxation is who you are.,"Tension is who you think you should be. Relaxation is who you are.

#mindset #philosophy #motivation #inspiration",,TRUE,TRUE,1.03E+18
1,1,A team will always appreciate a great individual if he's willing to sacrifice for the group. -Kareem Abdul Jabbar,A team will always appreciate a great individual if he's willing to sacrifice for the group. -Kareem Abdul Jabbar #Truth #Past #Present #Future #Motivation #Inspiration #Encouragement #QuoteOfTheDay #Quote #Wisdom #success #goodness #simple #openminds. #success #life #work #…,,TRUE,TRUE,1.16E+18
1,1,"But the fruit of the Spirit is love, joy, peace, forbearance, kindness, goodness, faithfulness, gentleness and selfcontrol. Against such things there is no law. Galatians 5:22-23 |","But the fruit of the #Spirit is #love, #joy, #peace, #forbearance, #kindness, #goodness, #faithfulness, #gentleness and #selfcontrol. Against such things there is no law. #Galatians 5:22-23 | #law #blessing #inspiration #Motivation 
#Sunday https://t.co/qOmPbWKiJF",,TRUE,TRUE,1.16E+18
1,1,"The successful warrior is the average man, with laserlike focus. Bruce Lee.","The successful warrior is the average man, with laserlike focus. Bruce Lee
#inspiration #motivation #QOTD #inspo https://t.co/ajyyFCPPbk",,TRUE,TRUE,1.09E+18
1,1,"Always improve, always move forward!","Always improve, always move forward!

#CountryVitamins #InspirationalQuotes #Wisdom #Knowledge #Truth #Motivation #MoveOn #Progress #Inspiration #WordsofWisdom #YouGotThis #IGotThis https://t.co/J5kOGRLfQ1",,TRUE,TRUE,1.16E+18
1,1,"Remember, if you are not playing your heart out, someone else is. And when you meet him, he will win.","Remember, if you are not playing your heart out, someone else is. And when you meet him, he will win. #Truth #Past #Present #Future #Motivation #Inspiration #Encouragement #QuoteOfTheDay #Quote #Wisdom #success #goodness #simple #openminds. #success #life #work #future #mone…",,TRUE,TRUE,1.16E+18
1,1,"The best things in life are the people you love, the places you've seen, and the memories you've made along the way.","The best things in life are the people you love, the places you've seen, and the memories you've made along the way.
#quote #Business #Entrepreneur #Inspiration #Motivation #HappyEntrepreneur https://t.co/uplixPMm55",,TRUE,TRUE,1.16E+18
1,1,"When you take control of your attitude, you take control of your life!","When you take control of your attitude, you take control of your life!  #motivation #inspiration",,TRUE,TRUE,1.16E+18
1,1,Life itself is a quotation.,"Life itself is a quotation.
.
#inspiration #motivation https://t.co/5qQ4Asmjcn",,TRUE,TRUE,1.16E+18
1,1,What you do every day matters more than what you do every once in awhile.,"What you do every day matters more than what you do every once in awhile.
#movetheball #motivation #entrepreneur #outworkyesterday #inspiration #ALLIN #dailyquote #motivationalspeaker #goals #followme #womenempowerment #inspirationalquotes #runtheSCene #thegrindstartsearly",,TRUE,TRUE,1.16E+18
1,1,"People can Not Change where they came from But Absolutely Can Change where they are Going, you Need to Want it bad enough.","People can Not Change where they came from But Absolutely Can Change where they are Going, you Need to Want it bad enough.#motivation #fitness #gym #love #workout #inspiration #fit #lifestyle #success #entrepreneur #bodybuilding #instagood #training #life #business #fitfam",,TRUE,TRUE,1.16E+18
0,0,Socialism can't be implemented without force. You can't go from a civil society that gives by choice to one that takes by force. Not going to happen peaceably.,Socialism can't be implemented without force. You can't go from a civil society that gives by choice to one that takes by force. Not going to happen peaceably.#motivation #fitness #gym #love #workout #inspiration #fit #lifestyle #success #entrepreneur #bodybuilding #instagood,,TRUE,TRUE,1.16E+18
1,1,"Read uplifting material, interact with positive people, and do things on a daily basis that bring you the inspiration needed to be happy, healthy, confident, and successful.","Read uplifting material, interact with positive people, and do things on a daily basis that bring you the inspiration needed to be happy, healthy, confident, and successful.

#Inspiration #Happy #Healthy #Confident #Successful #Quotes #Motivation https://t.co/NeQUalJIO9",,TRUE,TRUE,1.01E+18
0,0,"30 Dalai Lama Quotes on Compassion, Peace, and Life","30 Dalai Lama Quotes on Compassion, Peace, and Life #Quotes #Motivation #Inspiration https://t.co/prDReDnLqn",,TRUE,TRUE,1.16E+18
1,1,Opportunity never knocks; it is within you. - Denis Waitley.,"Opportunity never knocks; it is within you - Denis Waitley
.
#inspiration  #motivation  #success  #manifestation  #LawOfAttraction  #grace  #gratitude  #love  #mercy  #compassion  #forgiveness  #lovingkindness https://t.co/yOzrBfabVC",,TRUE,TRUE,1.16E+18
1,1,Be kind. Be respectful. Love one another.,Be kind. Be respectful. Love one another. #SaturdayThoughts #PositiveVibes #NaturePhotography #KindnessMatters #love #naturelover #inspiration #Motivation https://t.co/IbTXkZworX,,TRUE,TRUE,1.16E+18
1,1,"Being brave means knowing that when you fail, you don't fail forever. Lana Del Rey","Being brave means knowing that when you fail, you don't fail forever. Lana Del Rey #inspirational #motivational #quoteoftheday #walkthetalk #inspiration #motivation #picturequote #lifequotes #quote https://t.co/qpoQUAAuts",,TRUE,TRUE,1.16E+18
1,1,"Do today what others won't, so tomorrow you can do what others can't.","Do today what others won't, so tomorrow you can do what others can't. #travel #motivation #inspiration #happiness #relax #goodtimes #creativity https://t.co/LPTgNpKad2",,TRUE,TRUE,1.16E+18
1,1,You have to cross that bridge sometime.,You have to cross that bridge sometime. #motivation #inspiration https://t.co/RH5FHfSuId,,TRUE,TRUE,1.16E+18
1,1,Absolutely. Thank you so much for the inspiration and motivation!,Absolutely. Thank you so much for the #inspiration and #motivation! #happiness #positivity https://t.co/Lr0Tmj0Tgo,,TRUE,TRUE,1.16E+18
0,0,QuoteoftheDay from Bethany Hamilton,#QuoteoftheDay from Bethany Hamilton #DailyQuote #Motivation #Inspiration #Quote #fitness #TodaysMotivation https://t.co/LJNpNuz6AM,,TRUE,TRUE,1.16E+18
1,1,"Your thoughts become your words and your attitude. Where the mind goes, the man follows. Think and speak wisely!","Your thoughts become your words and your attitude. Where the mind goes, the man follows. Think and speak wisely! #SundayMorning #Sundaymotivation #SundayFunday #Sunday #SundayVibes #SundayMood #motivation #quotes #quote #Inspiration #inspirationalquotes #inspirational https://t.co/UWAa7vbz2x",,TRUE,TRUE,1.16E+18
1,1,"If you want a double dose of motivation and a cup full of inspiration, hang out with the go-getters of the world. Find the people in your circle that are pushing toward goals.","If you want a double dose of #motivation and a cup full of #inspiration, hang out with the go-getters of the world. Find the people in your circle that are pushing toward #goals.",,TRUE,TRUE,1.16E+18
1,1,Dream Higher than the sky and deeper than the ocean.,Dream Higher than the sky and deeper than the ocean. #dreamer #love #dream #art #dreams #photography #life #motivation #entrepreneur #fashion #artist #inspiration #nature #happiness #travel #happy #photooftheday #writer #music #creative #sunset #follow #beautiful #dreambig #style https://t.co/9mpT7pd9YE,,TRUE,TRUE,1.16E+18
0,0,Got it.,Got it #Ninjalifeguard #SundayThoughts #Gratitude #inspiration #Motivation #ocean #sunrise #Florida #Aloha #Peace #dreams #goals #Freedom #sun #surf #sea #nature #goodvibes #health #wellness #Mindfulness #dreambig #workhard #endlesssummer #livefree #livealoha https://t.co/eMJUuQgMjg,,TRUE,TRUE,1.16E+18
1,1,Ideas are the beginning of all achievement. - Bruce Lee.,"Ideas are the beginning of all achievement - Bruce Lee
.
#inspiration  #motivation  #success  #manifestation  #LawOfAttraction  #grace  #gratitude  #love  #mercy  #compassion  #forgiveness  #lovingkindness https://t.co/EZ7pOLSiFq",,TRUE,TRUE,1.16E+18
1,1,Focus on those who focus on you.,Focus on those who focus on you. #growth #love #motivation #success #inspiration #life #goals #mindset #healing #leadership #growthmindset #happiness #selfcare #change #mindfulness #family #fitness #gratitude #marketing #nature #strength #meditation #mentalhealth #inspire #bhfyp,,TRUE,TRUE,1.16E+18
0,0,A leap in the dark.,A leap in the dark. #QOTD #health #fitness #exercise #motivation #inspiration #workout #gym #quotes #lifestyle #goals #athlete #routinesnotresolutions https://t.co/IVqydGkn2v,,TRUE,TRUE,1.16E+18
1,1,"Enthusiasm is excitement with inspiration, motivation, and a pinch of creativity. - Bo Bennett.","Enthusiasm is excitement with #inspiration, #motivation, and a pinch of #creativity. - Bo Bennett
#BoBeneet #Enthusiasm #excitement #harmonyinitiative",,TRUE,TRUE,1.16E+18
1,1,"Surround yourself with people that reflect who you want to be and how you want to feel, energies are contagious.","Surround yourself with people that reflect who you want to be and how you want to feel, energies are contagious. #Motivation #Inspiration #CarlaTexRealtor  #ThinkBIGSundayWithMarsha https://t.co/ISbvJTLZT1",,TRUE,TRUE,1.16E+18
1,1,Never let your head hang down. Never give up and sit down and grieve. Find another way. -Satchel Paige,Never let your head hang down. Never give up and sit down and grieve. Find another way. -Satchel Paige #Truth #Past #Present #Future #Motivation #Inspiration #Encouragement #QuoteOfTheDay #Quote #Wisdom #success #goodness #simple #openminds. #success #life #work #future #mon…,,TRUE,TRUE,1.16E+18
1,1,"As iron sharpens iron, so one man sharpens another. -Prov 27:17","As iron sharpens iron, so one man sharpens another. -Prov 27:17 #Truth #Past #Present #Future #Motivation #Inspiration #Encouragement #QuoteOfTheDay #Quote #Wisdom #success #goodness #simple #openminds. #success #life #work #future #money #learning #teamwork #opportunity #se…",,TRUE,TRUE,1.16E+18
1,1,Its easy to stand in the crowd but it takes courage to stand alone. its okay to be scared. being scared means that youre about to do something really really brave.,"its easy to stand in the crowd but it takes courage to stand alone. its okay to be scared. being scared means that youre about to do something really really brave
#pokemon #PokemonGO  #PokemonSwordandShield #yveltal #PokemonXandY #inspiration #motivation https://t.co/4tD7ZT0h3I",,TRUE,TRUE,1.16E+18
0,0,4 Quick Tips to Get Back In the Swing of Things When You've Lost Motivation (By Jaime Kulaga),"4 Quick Tips to Get Back In the Swing of Things When You've Lost Motivation (By Jaime Kulaga)
#goals #inspiration #loved #Motivation
https://t.co/5X7WQuQICs",,TRUE,TRUE,1.16E+18
1,1,It is not what they take away from you that counts. It's what you do with what you have left.,"It is not what they take away from you that counts. It's what you do with what you have left.
.
#inspiration #motivation https://t.co/F6Ozo0OQHy",,TRUE,TRUE,1.16E+18
1,1,You shouldn't start anything without first believing that you can be successful.,You shouldn't start anything without first believing that you can be successful #motivation #inspiration,,TRUE,TRUE,1.16E+18
1,1,~ Beauty is grace and confidence. Accept and appreciate what nature gave you. ~,"~ Beauty is grace and confidence.  Accept and appreciate what nature gave you. ~ 
.
.
#beauty #grace #femininity #women #womanpower #elegance #confidence #courage #passion #motivation #inspiration #princesstheodora #princesstheodor https://t.co/FLX4GysTb4",,TRUE,TRUE,1.16E+18
0,0,Employee of the month (Y),"#Employee of the month (Y)
#leader #CareerSuccessStories #Careers #careerdevelopment #Job #work #teamwork #teamplayer #performance #workspace #companyculture #inspiration #Motivation #employeesatisfaction https://t.co/EcFBVv0C9D",,TRUE,TRUE,1.16E+18
1,1,Stop chasing the money and start chasing the passion. - Helen Hayes.,"Stop chasing the money and start chasing the passion - Helen Hayes
.
#inspiration  #motivation  #success  #manifestation  #LawOfAttraction  #grace  #gratitude  #love  #mercy  #compassion  #forgiveness  #lovingkindness https://t.co/nopCuDbQiA",,TRUE,TRUE,1.16E+18
1,1,"""To make us feel small in the right way is a function of art; men can only make us feel small in the wrong way."" - E. M. Forster.","""To make us feel small in the right way is a function of art; men can only make us feel small in the wrong way."" - E. M. Forster. #Art #Quote #style #life #history #inspiration #motivation #time #quotes #Artist",,TRUE,TRUE,1.16E+18
0,0,Happy Sunday Superstars.,"Happy Sunday Superstars 
#inspiration #motivation #makemoney #makemoneyonline #entrepreneur https://t.co/HzGIFY2VpJ",,TRUE,TRUE,1.16E+18
1,1,Risks must be taken because the greatest hazard in life is to risk nothing.,"Risks must be taken because the greatest hazard in life is to risk nothing.
.
#inspiration #motivation https://t.co/DaNkoBd5UI",,TRUE,TRUE,1.16E+18
1,1,To find joy in work is to discover the fountain of youth.,"To find joy in work is to discover the fountain of youth.
.
#inspiration #motivation https://t.co/LqwSCT99db",,TRUE,TRUE,1.16E+18
1,0,Nobody can be a Somebody.,"Nobody can be a Somebody. 
#motivation #motivationalquote #quote #quotestoliveby #beasomebody #inspiring #inspiration #inspiringrecovery #perigirls #empoweringnana https://t.co/ZWqjRbOSTM",,TRUE,TRUE,1.16E+18
1,1,Most people say that it is the intellect which makes a great scientist. They are wrong: it is character.,"Most people say that it is the intellect which makes a great scientist. They are wrong: it is character.
.
#inspiration #motivation https://t.co/fVPdCuuhFC",,TRUE,TRUE,1.16E+18
1,1,The greatest dreams are always unrealistic. - Will Smith.,"The greatest dreams are always unrealistic - Will Smith
.
#inspiration  #motivation  #success  #manifestation  #LawOfAttraction  #grace  #gratitude  #love  #mercy  #compassion  #forgiveness  #lovingkindness https://t.co/Yxa0wcWQON",,TRUE,TRUE,1.16E+18
1,1,Every struggle you had in your life shaped you into the person you are today. Be thankful for the hard times for they can only make you stronger.,Every struggle you had in your life shaped you into the person you are today.  Be thankful for the hard times for they can only make you stronger. #Strengths #Motivation #Inspiration #CarlaTexRealtor  #ThinkBIGSundayWithMarsha https://t.co/B0kH8Ascud,,TRUE,TRUE,1.16E+18
1,1,The comeback is always stronger than the setback.,The comeback is always stronger than the setback. #Inspiration #Motivation #CarlaTexRealtor  #ThinkBIGSundayWithMarsha https://t.co/axyQnx5es3,,TRUE,TRUE,1.16E+18
1,1,"Keep a room to enjoy the little things no matter whats going on around you, life is too short. ","Keep a room to enjoy the little things no matter whats going on around you, life is too short 
#
#
#life #motivation #inspiration #enjoy #thesolidom #solidom #swimming #hope #struggle #muscat #oman https://t.co/sG4LqTKhdG",,TRUE,TRUE,1.16E+18
1,1,"In sports you don't get what you wish for, you get what you work for.","In sports you don't get what you wish for, you get what you work for. #Truth #Past #Present #Future #Motivation #Inspiration #Encouragement #QuoteOfTheDay #Quote #Wisdom #success #goodness #simple #openminds. #success #life #work #future #money #learning #teamwork #opportuni…",,TRUE,TRUE,1.16E+18
1,1,You grow up the day you have your first real laugh at yourself.,"You grow up the day you have your first real laugh at yourself.
.
#inspiration #motivation https://t.co/5hhV14GHcF",,TRUE,TRUE,1.16E+18
1,1,"If you are not willing to learn, no one can help you. If you are determined to learn, no one can stop you. Zig Ziglar","If you are not willing to learn, no one can help you. If you are determined to learn, no one can stop you. Zig Ziglar #inspirational #motivational #quoteoftheday #walkthetalk #inspiration #motivation #picturequote #lifequotes #quote https://t.co/FACkslktVb",,TRUE,TRUE,1.16E+18
1,1,The man on the rise must always show respect to the man on the decline.,The man on the rise must always show respect to the man on the decline. #kamarbrown #inspiration #motivation #quote,,TRUE,TRUE,1.16E+18
1,1,Nobody who ever gave his best regretted it. - George Halas.,"Nobody who ever gave his best regretted it - George Halas
.
#inspiration  #motivation  #success  #manifestation  #LawOfAttraction  #grace  #gratitude  #love  #mercy  #compassion  #forgiveness  #lovingkindness https://t.co/5x9x4jCnE5",,TRUE,TRUE,1.16E+18
1,1,To see your life totally change .. take responsibility for your life. |,To see your life totally change .. take responsibility for your life. | #inspire #motivation #inspiration #coach https://t.co/VYO9Sop9ZX,,TRUE,TRUE,1.16E+18
1,1,"Action is the foundational key to all success. When every action has a purpose, every action has a result.","Action is the foundational key to all success. When every action has a purpose, every action has a result.
#movetheball #motivation #entrepreneur #outworkyesterday #ALLIN #inspiration #dailyquote #motivationalspeaker #goals #followme #womenempowerment #inspirationalquotes",,TRUE,TRUE,1.16E+18
1,1,"You don't have to see the whole staircase, just take the first step. |","You don't have to see the whole staircase, just take the first step. | #inspire #motivation #inspiration #coach https://t.co/AklgwfOdSr",,TRUE,TRUE,1.16E+18
1,1,"Never let a win go to your head, or a loss to your heart.","Never let a win go to your head, or a loss to your heart. #Truth #Past #Present #Future #Motivation #Inspiration #Encouragement #QuoteOfTheDay #Quote #Wisdom #success #goodness #simple #openminds. #success #life #work #future #money #learning #teamwork #opportunity #service …",,TRUE,TRUE,1.16E+18
1,1,Doing what you love is the cornerstone of having abundance in your life |,Doing what you love is the cornerstone of having abundance in your life | #inspire #motivation #inspiration #coach https://t.co/ZsHzusSNJU,,TRUE,TRUE,1.16E+18
1,0,If you let your past hold you back then you have no future. - RGebbiePhoto Motivation Inspiration Growth Quote - Self Perpetuating Evolution. -,If you let your past hold you back then you have no future. - #RGebbiePhoto #Motivation #Inspiration #Growth #Quote - Self Perpetuating Evolution - https://t.co/SayP165ayR,,TRUE,TRUE,1.16E+18
1,1,Impossible only means that you haven't found the solution yet |,Impossible only means that you haven't found the solution yet | #inspire #motivation #inspiration #coach https://t.co/5vjlv7DYP2,,TRUE,TRUE,1.16E+18
1,0,"Meditation relaxation inspiration motivation SaturdayMotivation stressfree stressrelief writer amwriting writingcommunity photography pixabay. If you're feeling a little blue today, try to imagine that you're at the beach during.","#meditation #relaxation #inspiration #motivation #SaturdayMotivation #stressfree #stressrelief #writer #amwriting #writingcommunity #photography #pixabay

If you're feeling a little blue today, try to #imagine that you're at the #beach during #sunset https://t.co/812ZiDuj9n",,TRUE,TRUE,1.16E+18
1,1,Formal education will make you a living; self education will make you a fortune. |,Formal education will make you a living; self education will make you a fortune.  | #inspire #motivation #inspiration #coach https://t.co/KNssloCgJs,,TRUE,TRUE,1.16E+18
1,1,"Above all, love each other deeply, because love covers over a multitude of sins. -1Peter 4:8","Above all, love each other deeply, because love covers over a multitude of sins. -1Peter 4:8#Truth #Past #Present #Future #Motivation #Inspiration #Encouragement #QuoteOfTheDay #Quote #Wisdom #success #goodness #simple #openminds. #success #life #work #future #money #learnin…",,TRUE,TRUE,1.16E+18
0,0,Priorities with Work & Life Balance. What comes first.,Priorities with Work &amp; Life Balance. What comes first #Motivation #inspiration https://t.co/var0IrsCPF,,TRUE,TRUE,1.16E+18
1,1,"""Character consists of what you do on the third and fourth tries"". James A. Michener.","""Character consists of what you do on the third and fourth tries"". James A. Michener. 

#meditation #mindfulness #mindflow #mindflowdaily #SaturdayMorning #motivation #positivity #inspiration #calm #quote #dailyquote #SaturdayMotivation #SaturdayThoughts https://t.co/v4paDQlo3u",,TRUE,TRUE,1.16E+18
1,0,"EXITRealty MorrisCode: ""Conviction is Convincing.""","#EXITRealty #MorrisCode: ""Conviction is Convincing."" #Quote #Motivation #Inspiration",,TRUE,TRUE,1.16E+18
1,1,Spending just two hours a week in nature is linked to better health and well-being | World Economic Forum.,Spending just two hours a week in nature is linked to better health and well-being | World Economic Forum. #life #dreams #stars #destiny #education #mindfulness #peace #beautiful #business #happiness #strength #wisdom #inspiration #motivation #influencer  https://t.co/k2p4wvcwIx,,TRUE,TRUE,1.16E+18
0,0,How much do you want it. - what's stopping you.,"How much do you want it - what's stopping you #perseverance #motivation #investinyourself #determination #dedication #inspiration #focus #hardwork  #success #goals #nevergiveup #mindset #strength #entrepreneur #etatdesprit #lifestyle #ambition #discipline
#trustalexanderlaw https://t.co/ouynS2QNYF",,TRUE,TRUE,1.16E+18
1,1,Stick with the people who pull the magic out of you and not the madness.,Stick with the people who pull the magic out of you and not the madness. #Motivation #Inspiration #CarlaTexRealtor #ThinkBIGSundayWithMarsha https://t.co/aO26s2pAJY,,TRUE,TRUE,1.16E+18
1,1,Develop a mindset of a winner |,Develop a mindset of a winner  | #inspire #motivation #inspiration #coach https://t.co/uApdFKWKUY,,TRUE,TRUE,1.16E+18
1,1,"Focus on the solution, not the problem.","Focus on the solution, not the problem.
.
#inspiration #motivation https://t.co/61I85KCgVx",,TRUE,TRUE,1.16E+18
1,0,"""Doing what's right isn't the problem. It is knowing what's right "". Lydon B. Johson.","""Doing what's right isn't the problem. It is knowing what's right "". Lydon B. Johson. 

#meditation #mindfulness #mindflow #mindflowdaily #SaturdayMorning #motivation #positivity #inspiration #calm #quote #dailyquote #SaturdayMotivation #SaturdayThoughts https://t.co/rbDftIeivL",,TRUE,TRUE,1.16E+18
1,1,"You can talk about what you're going to do, or you can do what you're talking about.","You can talk about what you're going to do, or you can do what you're talking about.

#startup #hustle #inspiration #mindset #motivation #EMPATH",,TRUE,TRUE,1.16E+18
1,0,Those who hope in the LORD will renew their strength. They will soar on wings like eagles. -Isa 40:31,Those who hope in the LORD will renew their strength. They will soar on wings like eagles. -Isa 40:31 #Truth #Past #Present #Future #Motivation #Inspiration #Encouragement #QuoteOfTheDay #Quote #Wisdom #success #goodness #simple #openminds. #success #life #work #future #mone…,,TRUE,TRUE,1.16E+18
1,1,It always seems impossible until it's done. - Nelson Mandela.,"It always seems impossible until it's done - Nelson Mandela
.
#inspiration  #motivation  #success  #manifestation  #LawOfAttraction  #grace  #gratitude  #love  #mercy  #compassion  #forgiveness  #lovingkindness https://t.co/U83lNlB7fQ",,TRUE,TRUE,1.16E+18
1,1,"Keep your eyes on the goal, and just keep taking the next step towards completing it. Obstacles are those frightful things you see when you take your eyes off the goal. A dream becomes a goal when action is taken toward its achievement.","Keep your eyes on the goal, and just keep taking the next step towards completing it. Obstacles are those frightful things you see when you take your eyes off the goal. A dream becomes a goal when action is taken toward its achievement. #goals #motivation #inspiration https://t.co/4IXZDRSx9K",,TRUE,TRUE,1.11E+18
1,0,Relentless pursuit of excellence! ____________________________________________,"Relentless pursuit of excellence!

____________________________________________

#DTFitness365 #DTF365 #Inspiration #Motivation #Mind #Body #Spirit https://t.co/ACgISwleFR",,TRUE,TRUE,1.16E+18
1,1,Give yourself permission to THRIVE!,Give yourself permission to THRIVE! #Motivation #Inspiration https://t.co/01Fsxtslcm,,TRUE,TRUE,1.16E+18
1,1,Either you run the day or the day runs you. - Jim Rohn.,"Either you run the day or the day runs you - Jim Rohn
.
#inspiration  #motivation  #success  #manifestation  #LawOfAttraction  #grace  #gratitude  #love  #mercy  #compassion  #forgiveness  #lovingkindness https://t.co/m4ZO44o3IH",,TRUE,TRUE,1.16E+18
0,0,Speakers wanted! All sectors any expertise!,Speakers wanted! All sectors any expertise! #speakers #Motivation #inspiration #storytelling #businessadvice https://t.co/kVes33QaAT,,TRUE,TRUE,1.16E+18
1,1,"Time is valuable, don't waste a single second being unhappy. |","Time is valuable, don't waste a single second being unhappy.  | #inspire #motivation #inspiration #coach https://t.co/ytdlfGf3Cj",,TRUE,TRUE,1.16E+18
1,1,"A healthy lifestyle not only changes your body, it changes your mind, your attitude and your mood. Do something Healthy and fun today that your future self will be proud of.","A healthy lifestyle not only changes your body, it changes your mind, your attitude and your mood. Do something Healthy and fun today that your future self will be proud of.
#movetheball #motivation #entrepreneur #outworkyesterday #inspiration #dailyquote #motivationalspeaker",,TRUE,TRUE,1.16E+18
1,1,Entrepreneurship is like a wild violent horse (not trading) it will drag you to places you don't want to go. But once you have it in control then you ride it to the direction you wish to..,"#Entrepreneurship is like a wild violent horse (not trading) it will drag you to places you don't want to go. But once you have it in control then you ride it to the direction you wish to..

#success #motivation #inspiration #learning",,TRUE,TRUE,1.16E+18
1,1,Keep motivating yourself.,Keep motivating yourself. #Motivation #inspiration https://t.co/rfor0T2az6,,TRUE,TRUE,9.32E+17
1,1,Cast all your anxiety on him because he cares for you. - 1 Peter 5:7,Cast all your anxiety on him because he cares for you - 1 Peter 5:7 #Truth #Past #Present #Future #Motivation #Inspiration #Encouragement #QuoteOfTheDay #Quote #Wisdom #success #goodness #simple #openminds. #success #life #work #future #money #learning #teamwork #opportunity…,,TRUE,TRUE,1.16E+18
1,1,Never search for THE truth. That does not exist. Only search for YOUR truth.,Never search for THE truth. That does not exist. Only search for YOUR truth. #zen #happiness #love #meditation #mindfulness #gratitude #compassion #yoga #buddha #health #stress #peace #inspiration #selfcare #success #life #leadership #motivation #goals #focus #self #fitness #gym https://t.co/wQ0jN2dFye,,TRUE,TRUE,1.13E+18